Item Name,Quantity/Volume,Price (BDT),Link
Meril Milk & Beli Soap Bar,100 gm,60,https://chaldal.com/soaps
Radiant Raxoll Antibacterial Soap (Moisture),100 gm,75,https://chaldal.com/soaps
Radiant Raxoll Antibacterial Soap (Moisture),75 gm,60,https://chaldal.com/soaps
Radiant Raxoll Antibacterial Soap (Sport),100 gm,75,https://chaldal.com/soaps
Tibet Luxury Pink Soap Natural Glow,100 gm,55,https://chaldal.com/soaps
Lux Jasmine Soap Bar Bright Glow,75 gm,50,https://chaldal.com/soaps
Meril Milk & Kiwi Soap Bar,150 gm,80,https://chaldal.com/soaps
"Dettol Bathing Soap (Original, Skincare, Cool & Fresh) 75 gm",4 pcs,260,https://chaldal.com/soaps
Dettol Soap Bathing Bar Aloe Vera,125 gm,95,https://chaldal.com/soaps
Dettol Bathing Soap Bar Skincare 125 gm (Combo Pack),4 pcs,380,https://chaldal.com/soaps
Dettol Soap Bathing Bar Original Germ Defence 125 gm (Combo Pack),4 pcs,380,https://chaldal.com/soaps
Wild Stone Forest Spice Soap,125 gm,188,https://chaldal.com/soaps
Dettol Soap Bathing Bar Original Germ Defence,125 gm,95,https://chaldal.com/soaps
Dettol Soap Bathing Bar Original Germ Defence,75 gm,65,https://chaldal.com/soaps
Nivea Express Hydration Body Lotion,380 ml,1250,https://chaldal.com/lotions
Enchanteur Perfumed Body Lotion Charming Satin Smooth,500 ml,1700,https://chaldal.com/lotions
Vaseline Lotion Deep Restore,200 ml,270,https://chaldal.com/lotions
Garnier Body Bright Complete Serum Milk,400 gm,1480,https://chaldal.com/lotions
B. Tech Expert Virgin Moisturising Stretch Mark Lotion,100 ml,380,https://chaldal.com/lotions
B. Tech Expert Goat Milk Whitening Body Lotion,200 ml,265,https://chaldal.com/lotions
Vaseline Intensive Care Cocoa Radiant Lotion,200 ml,425,https://chaldal.com/lotions
Vaseline Intensive Care Advance Strength Lotion,400 ml,825,https://chaldal.com/lotions
Parachute SkinPure Skin Lotion Natural Moisture,200 ml,250,https://chaldal.com/lotions
Parachute SkinPure Skin Lotion Natural White,200 ml,260,https://chaldal.com/lotions
Parachute SkinPure Skin Lotion Natural Moisture,300 ml,340,https://chaldal.com/lotions
Parachute SkinPure Skin Lotion Natural White,100 ml,160,https://chaldal.com/lotions
Parachute SkinPure Skin Lotion Natural Moisture,100 ml,150,https://chaldal.com/lotions
Boots Cocoa Butter Body Lotion,390 ml,1550,https://chaldal.com/lotions
Dove Nourishing Body Care Intensive Body Lotion,400 ml,715,https://chaldal.com/lotions
Enchanteur Perfumed Body Lotion Gorgeous Satin Smooth,500 ml,1500,https://chaldal.com/lotions
Garnier Body Bright Complete Serum Milk UV,400 ml,1480,https://chaldal.com/lotions
Boroplus Moisturising Lotion Aloe Vera & Milk,300 ml,390,https://chaldal.com/lotions
Xpel Kids Spray & Lotion Twin Set,each,550,https://chaldal.com/lotions
Vaseline Intensive Care Body Lotion,400 ml,1250,https://chaldal.com/lotions
Enchanteur Perfumed Body Lotion Romantic Satin Smooth,500 ml,1150,https://chaldal.com/lotions
Revive Moisturizing Lotion,200 ml,260,https://chaldal.com/lotions
Vaseline Lotion Deep Restore,400 ml,850,https://chaldal.com/lotions
Vaseline Lotion Healthy Bright,100 ml,190,https://chaldal.com/lotions
Vaseline Lotion Healthy Bright,200 ml,300,https://chaldal.com/lotions
Vaseline Lotion Healthy Bright,300 ml,420,https://chaldal.com/lotions
Nivea Intensive Moisture Body Milk Lotion,250 ml,725,https://chaldal.com/lotions
Parachute SkinPure Petroleum Jelly,15 ml,23,https://chaldal.com/petroleum-jelly
Comely Non Sticky Glycerin (Aloe vera),100 gm,150,https://chaldal.com/petroleum-jelly
Skin Secret Glycerin,125 ml,140,https://chaldal.com/petroleum-jelly
Vaseline Blueseal Cocoa Butter Jelly,250 ml,950,https://chaldal.com/petroleum-jelly
Vaseline Blueseal Vitamin E Jelly,50 ml,299,https://chaldal.com/petroleum-jelly
Vaseline Blueseal Original Petroleum Jelly,250 ml,880,https://chaldal.com/petroleum-jelly
Cute Refined Glycerine,60 ml,50,https://chaldal.com/petroleum-jelly
Cute Pomade,50 gm,70,https://chaldal.com/petroleum-jelly
Meril Petroleum Jelly Lemon Fresh,100 ml,110,https://chaldal.com/petroleum-jelly
Parachute SkinPure Petroleum Jelly,100 ml,110,https://chaldal.com/petroleum-jelly
Parachute SkinPure Petroleum Jelly,50 ml,65,https://chaldal.com/petroleum-jelly
Vaseline Petroleum Jelly,100 ml,250,https://chaldal.com/petroleum-jelly
Meril Glycerin,120 gm,115,https://chaldal.com/petroleum-jelly
Tibet Glycerin,125 gm,115,https://chaldal.com/petroleum-jelly
Vaseline Skin Protecting Jelly,5.5 ml,25,https://chaldal.com/petroleum-jelly
Vaseline Petroleum Jelly,50 ml,65,https://chaldal.com/petroleum-jelly
Meril Petroleum Jelly Lemon Fresh,50 ml,65,https://chaldal.com/petroleum-jelly
Pond's Bright Beauty Anti-Spot-Formula Serum Cream,35 gm,180,https://chaldal.com/creams
Pond's Bright Beauty Anti-Spot-Formula Serum Cream,23 gm,130,https://chaldal.com/creams
Ligion Active Gold Mehedi,25 gm,50,https://chaldal.com/creams
Creme 21 Vitamin E Moisturizing Soft Cream,150 ml,605,https://chaldal.com/creams
Dove Silky Cream,300 ml,1450,https://chaldal.com/creams
Dove Intensive Cream,75 ml,495,https://chaldal.com/creams
Pond's White Beauty Day Cream,35 gm,240,https://chaldal.com/creams
Glow & Lovely Advanced Multivitamin Cream,100 gm,300,https://chaldal.com/creams
Beauty Formulas Intensive Foot Cream,100 ml,509,https://chaldal.com/creams
Sudocrem Antiseptic Healing Cream,125 gm,980,https://chaldal.com/creams
Fair And Lovely Cream Advanced Multivitamin,80 gm,400,https://chaldal.com/creams
Neutrogena Ultra Sheer Dry Touch Sunblock SPF,88 ml,1299,https://chaldal.com/creams
Glow & Lovely Face Cream Blemish Balm,40 gm,240,https://chaldal.com/creams
Glow & Lovely Advanced Multi Vitamin Cream,47 gm,165,https://chaldal.com/creams
Pond's Vanishing Cream,28 gm,60,https://chaldal.com/creams
Glow & Lovely Advanced Multi Vitamin Cream,23 gm,95,https://chaldal.com/creams
Pond's Bright Beauty Spot-less Glow Day Cream,23 gm,130,https://chaldal.com/creams
Olay Night Moisturiser Total Effects 7 in 1 Anti Ageing,50 gm,1470,https://chaldal.com/creams
Tibet Snow,50 gm,70,https://chaldal.com/creams
Glow & Lovely Winter Glow Face Cream,50 gm,170,https://chaldal.com/creams
La Espanola Extra Virgin Olive Oil,500 ml,1350,https://chaldal.com/body-hair-oil
Ujjwala Care Anti Hairfall Herbal Hair Oil,100 ml,200,https://chaldal.com/body-hair-oil
Ujjwala Care Skin Lightening Body Oil,200 ml,380,https://chaldal.com/body-hair-oil
Ujjwala Care Skin Lightening Body Oil,100 ml,200,https://chaldal.com/body-hair-oil
Maya All Natural Moroccan Argan Oil,30 ml,850,https://chaldal.com/body-hair-oil
Maya All Natural Spanish Rosehip Seed Oil,30 ml,850,https://chaldal.com/body-hair-oil
Maya True Herbs Marula Oil,30 ml,850,https://chaldal.com/body-hair-oil
Kd Natures Aid Rose Oil,50 ml,280,https://chaldal.com/body-hair-oil
Olio Orolio Massage Oil,250 ml,480,https://chaldal.com/body-hair-oil
Ambassador Spanish Olive Oil,250 ml,780,https://chaldal.com/body-hair-oil
Oillina Natural Skin Care Olive Oil,100 ml,220,https://chaldal.com/body-hair-oil
Nivea Men Oil Control Moisturizer,50 ml,850,https://chaldal.com/body-hair-oil
Parachute SkinPure Beauty Olive Oil,200 ml,320,https://chaldal.com/body-hair-oil
Olitalia Italian Olive Oil,100 ml,475,https://chaldal.com/body-hair-oil
Parachute Advansed Aloe Vera Hair Oil 250 ml,2 pcs,640,https://chaldal.com/body-hair-oil
Livon Hair Serum,50 ml,300,https://chaldal.com/body-hair-oil
Bio Oil Specialist Skincare Oil,60 ml,650,https://chaldal.com/body-hair-oil
Meril Olive Oil Tin Jar,150 ml,450,https://chaldal.com/body-hair-oil
Himani Navaratna Cool Ayurvedic Hair Oil,200 ml,280,https://chaldal.com/body-hair-oil
Ice Cool Prickly Heat Powder,100 gm,65,https://chaldal.com/talcom-powder
Dermicool Prickly Heat Powder Regular,150 gm,546,https://chaldal.com/talcom-powder
White Tone Face Powder,50 gm,300,https://chaldal.com/talcom-powder
Cuticura Talcum Powder All Purpose,250 gm,650,https://chaldal.com/talcom-powder
Enchanteur Perfumed Talc Powder Romantic,125 gm,399,https://chaldal.com/talcom-powder
Revive Active Sun Block Powder,200 gm,105,https://chaldal.com/talcom-powder
Johnson's Baby Powder,300 gm,750,https://chaldal.com/talcom-powder
Tibet Luxuary Sun Protect Talcum Powder,200 gm,105,https://chaldal.com/talcom-powder
Tibet Prickly Heat Powder,100 gm,60,https://chaldal.com/talcom-powder
Godrej Permanent Liquid Hair Dye Black (Buy 1 Get 1 Free),40 ml,150,https://chaldal.com/hair-color
Godrej Expert Easy 5 Minute Shampoo Based Hair Color (Black),10 gm,30,https://chaldal.com/hair-color
Bigen Hair Color & Conditioner (Light Brown),80 gm,750,https://chaldal.com/hair-color
Bigen Hair Color & Conditioner (Natural Brown),80 gm,700,https://chaldal.com/hair-color
Bigen Hair Color & Conditioner (Dark Brown),80 gm,700,https://chaldal.com/hair-color
Bigen Hair Color & Conditioner (Natural Black),80 gm,700,https://chaldal.com/hair-color
Olympic Heavy Duty AAA Battery,2 pcs,30,https://chaldal.com/batteries
Sunlite Heavy Duty AAA Battery,2 pcs,30,https://chaldal.com/batteries
Olympic Heavy Duty AA Battery,2 pcs,36,https://chaldal.com/batteries
Sunlite Heavy Duty AA Battery,2 pcs,49,https://chaldal.com/batteries
Olympic Volt Remote Battery,2 pcs,30,https://chaldal.com/batteries
Olympic Volt Pencil Battery Metallic,each,18,https://chaldal.com/batteries
Maxell Alkaline LR44 (A76) Battery,2 pcs,139,https://chaldal.com/batteries
Energizer Recharge Power Plus Battery AA,2 pcs,675,https://chaldal.com/batteries
Olympic Gold Heavy Duty AA Battery,2 pcs,36,https://chaldal.com/batteries
Energizer Max Power Battery 1.5V AA,2 pcs,230,https://chaldal.com/batteries
Maxell Alkaline Battery Size: AA,2 pcs,255,https://chaldal.com/batteries
Sony AA Alkaline Batteries,2 pcs,299,https://chaldal.com/batteries
Deli Calculator 12 Digits (Black),each,700,https://chaldal.com/calculators
Citiplus Scientific Electronic Calculator (Sx-991 Es) Plus,each,1229,https://chaldal.com/calculators
Citiplus Scientific Electronic Calculator (Sx-991 Ms),each,729,https://chaldal.com/calculators
Casio Hand Held Calculator 8 Digit (HL-4A),25 gm,190,https://chaldal.com/calculators
Casio Scientific Calculator (FX 991ES Plus),each,1339,https://chaldal.com/calculators
Deli (M198) Basic Calculator 12 Digit,each,689,https://chaldal.com/calculators
Casio Calculator 12 Digit (MJ-120 D),each,780,https://chaldal.com/calculators
Kangaro Stapler Pin No.10 Small 1000 staples,,39,https://chaldal.com/stapler-punch
Deli Stapler Machine (Green),each,90,https://chaldal.com/stapler-punch
Deli Stapler Machine (Blue),each,90,https://chaldal.com/stapler-punch
Kangaro Punch Machine (Light Yellow Green),each,179,https://chaldal.com/stapler-punch
Kangaro Pin Remover (Red),each,109,https://chaldal.com/stapler-punch
Kangaro Pin Remover (Black),each,149,https://chaldal.com/stapler-punch
Deli Stapler Machine (White),each,80,https://chaldal.com/stapler-punch
Deli Pin Remover,each,79,https://chaldal.com/stapler-punch
Deli Stapler Machine,each,215,https://chaldal.com/stapler-punch
Kangaro Stapler Machine Medium,each,189,https://chaldal.com/stapler-punch
Kangaro Punch Machine,each,169,https://chaldal.com/stapler-punch
Kangaro Pin Remover,each,99,https://chaldal.com/stapler-punch
Mouse Pad,each,119,https://chaldal.com/organizing-accessories
Deli Colored Push Pins,100 pcs,99,https://chaldal.com/organizing-accessories
RFL Good Luck Sponge Damper,each,25,https://chaldal.com/organizing-accessories
RFL Good Luck Multiple Organizer,each,220,https://chaldal.com/organizing-accessories
Rubber Bands,100 gm,119,https://chaldal.com/organizing-accessories
Deli Office Pin 1 box,50 gm,40,https://chaldal.com/organizing-accessories
Deli Colored Paper Clips,100 pcs,69,https://chaldal.com/organizing-accessories
A4 Tech Optical USB Mouse,each,595,https://chaldal.com/organizing-accessories
"Binder Clip (1"")",12 pcs,90,https://chaldal.com/organizing-accessories
Board Duster,each,59,https://chaldal.com/organizing-accessories
ID Card Holder (T-014H),each,29,https://chaldal.com/organizing-accessories
Binding Needle,each,49,https://chaldal.com/organizing-accessories
Deli Clip Box,each,70,https://chaldal.com/organizing-accessories
ID Card Holder (T-014V),each,29,https://chaldal.com/organizing-accessories
Pin Holder,each,89,https://chaldal.com/organizing-accessories
Artline Stamp Pad 106×67 mm,each,99,https://chaldal.com/organizing-accessories
"Binder Clip (2"")",12 pcs,159,https://chaldal.com/organizing-accessories
Deli Fingertip Moistener,each,150,https://chaldal.com/organizing-accessories
Deli Anti Cutter (Blue),each,159,https://chaldal.com/cutting-2
Deli Scissors (Pink),each,60,https://chaldal.com/cutting-2
Deli Anti Cutter (E2091),each,180,https://chaldal.com/cutting-2
Deli Stainless Steel Multi Purpose Scissors 7 Inch,each,100,https://chaldal.com/cutting-2
Deli Stainless Steel Scissors 7.5 inch,each,199,https://chaldal.com/cutting-2
Deli Anti Cutter (E2041),each,129,https://chaldal.com/cutting-2
Deli Cutter (E2056),each,198,https://chaldal.com/cutting-2
Deli Anti Cutter Knife Blade Small,10 pcs,45,https://chaldal.com/cutting-2
Bili Management File A4 (Purple),each,39,https://chaldal.com/file-folder
Bili Management File A4 (Blue),each,39,https://chaldal.com/file-folder
Bili Management File A4 (Green),each,39,https://chaldal.com/file-folder
Transparent File Folder,each,39,https://chaldal.com/file-folder
Court File (Orange),each,79,https://chaldal.com/file-folder
Court File (Blue),each,79,https://chaldal.com/file-folder
Court File (Yellow),each,69,https://chaldal.com/file-folder
RFL Good Luck Three Station File Organizer,each,300,https://chaldal.com/file-folder
Deli Management File,each,35,https://chaldal.com/file-folder
Bag File,each,649,https://chaldal.com/file-folder
Court File,each,49,https://chaldal.com/file-folder
Deli Pen Holder Round Shape,each,189,https://chaldal.com/desk-organizers
Horse Stamp pad NO. 3 (Orchid Blue),each,269,https://chaldal.com/desk-organizers
Horse Stamp pad NO. 3 (Royal Blue),each,269,https://chaldal.com/desk-organizers
Deli Business Card Holder (Clear),each,75,https://chaldal.com/desk-organizers
RFL Good Luck Stamp Pad,each,100,https://chaldal.com/desk-organizers
RFL Good Luck Document Case,each,150,https://chaldal.com/desk-organizers
Pen Holder,each,149,https://chaldal.com/desk-organizers
Red Leaf 707 Permanent Marker (Red),each,79,https://chaldal.com/highlighters
Red Leaf 707 Permanent Marker (Blue),each,79,https://chaldal.com/highlighters
Red Leaf White Board Marker Pen 737 (Black),each,139,https://chaldal.com/highlighters
Faber Castell Highlighter Marker (Nion Red),each,79,https://chaldal.com/highlighters
Deli Liquid Highlighter Chisel Tip (Yellow),each,35,https://chaldal.com/highlighters
Red Leaf 707 Permanent Marker (Black),each,109,https://chaldal.com/highlighters
Red Leaf 303 Flourescent Highlighter (Pink),each,59,https://chaldal.com/highlighters
Red Leaf 303 Flourescent Highlighter (Blue),each,59,https://chaldal.com/highlighters
Red Leaf 303 Flourescent Highlighter (Orange),each,59,https://chaldal.com/highlighters
Red Leaf 303 Flourescent Highlighter (Green),each,59,https://chaldal.com/highlighters
Faber Castell Highlighter Marker (Green),each,45,https://chaldal.com/highlighters
Faber Castell Highlighter Marker (Blue),each,45,https://chaldal.com/highlighters
Faber Castell Highlighter Marker (Yellow),each,45,https://chaldal.com/highlighters
Red Leaf White Board Marker Pen (Black),each,139,https://chaldal.com/highlighters
Faber Castell Pencil 7420 HB,12 pcs,125,https://chaldal.com/pencils
Faber Castell Pencil HB (Gold Faber),12 pcs,320,https://chaldal.com/pencils
Faber Castell Red Matt Pencil HB,12 pcs,156,https://chaldal.com/pencils
Fresh Campus 4B Pencil 66 gm,12 pcs,120,https://chaldal.com/pencils
Fresh Campus 2B Pencil 68 gm,12 pcs,120,https://chaldal.com/pencils
Faber Castell HB pencil (with Eraser),12 pcs,249,https://chaldal.com/pencils
Deli Whiteboard Eraser (Grey),each,50,https://chaldal.com/erasers-correction-fluid
RFL Good Luck Duster Blue,each,35,https://chaldal.com/erasers-correction-fluid
RFL Good Luck Duster Red,each,30,https://chaldal.com/erasers-correction-fluid
Deli Correction Pen Quick Drying 8 ml,each,55,https://chaldal.com/erasers-correction-fluid
Pencil Sharpner (94529),each,19,https://chaldal.com/erasers-correction-fluid
University khata 300 Pages,each,169,https://chaldal.com/notebook-diary
RFL Good Luck Kids Arabic Book,each,30,https://chaldal.com/notebook-diary
Register Book 150 pages,,90,https://chaldal.com/notebook-diary
Register Book 300 Page,each,179,https://chaldal.com/notebook-diary
University khata 300 Pages,each,169,https://chaldal.com/school-supplies
Pencil Bag (Yellow),each,40,https://chaldal.com/school-supplies
Pencil Box (Red),each,114,https://chaldal.com/school-supplies
Pencil Box (Pink),each,114,https://chaldal.com/school-supplies
Pencil Box (Purple),each,114,https://chaldal.com/school-supplies
Pencil Box (Blue),each,114,https://chaldal.com/school-supplies
Matador i-teen Aroma Ball Pen Black Ink,6 pcs,73,https://chaldal.com/school-supplies
Deli Compass Set,each,400,https://chaldal.com/school-supplies
Casio Scientific Calculator (FX 991ES Plus),each,1339,https://chaldal.com/school-supplies
Faber Castell HB pencil (with Eraser),12 pcs,249,https://chaldal.com/school-supplies
Titi Artists Oil pastel 12 Color,each,259,https://chaldal.com/color-pencil
Faber Castell Wax Crayons 90 mm 12 Color,each,140,https://chaldal.com/color-pencil
Faber Castell Oil Pastel 12 Color,each,115,https://chaldal.com/color-pencil
Deli Color Pencil,12 pcs,119,https://chaldal.com/color-pencil
Deli Felt Pen,24 pcs,125,https://chaldal.com/color-pencil
Deli Color Emotion Color Pencils,12 pcs,140,https://chaldal.com/color-pencil
Faber Castell Water Color Pencil,12 pcs,249,https://chaldal.com/color-pencil
Faber Castell Long Color Pencil Round Tin,12 pcs,369,https://chaldal.com/color-pencil
SmartHeart Creamy Treat Tuna,60 gm,279,https://chaldal.com/cat-food
Royal Canin Adult Persian,2 kg,3169,https://chaldal.com/cat-food
Foodinnova Toro Toro Cat Soup Tuna & Katsuobushi,75 gm,239,https://chaldal.com/cat-food
Foodinnova Toro Toro Cat Soup Tuna & Mix Seafood,75 gm,249,https://chaldal.com/cat-food
Foodinnova Toro Toro Cat Soup Tuna Fiber,75 gm,249,https://chaldal.com/cat-food
Foodinnova Toro Toro Cat Soup Chicken & Vegetable,75 gm,249,https://chaldal.com/cat-food
Foodinnova Cat Food Nekko Tuna In Gravy,70 gm,99,https://chaldal.com/cat-food
Foodinnova Cat Food Nekko Real Tuna In Jelly,70 gm,99,https://chaldal.com/cat-food
SmartHeart Adult Cat Food Seafood,3 kg,1649,https://chaldal.com/cat-food
SmartHeart Cat Food Adult Mackerel Flavor,3 kg,1969,https://chaldal.com/cat-food
Whiskas Adult Cat Food Tuna,80 gm,99,https://chaldal.com/cat-food
Whiskas Adult Cat Food Ocean Fish,80 gm,99,https://chaldal.com/cat-food
SmartHeart Adult Cat Food Sardine Chicken & Rice,85 gm,99,https://chaldal.com/cat-food
Petslife Lorikeet Diet Bird Food,250 gm,599,https://chaldal.com/bird-food
Petslife Fruit Mix Pellets For Parrots,150 gm,350,https://chaldal.com/bird-food
Gold Wings Premium Budgies Mix,1 kg,529,https://chaldal.com/bird-food
SmartHeart Rabbit Food Veggies & Cereals,200 gm,99,https://chaldal.com/bird-food
Varsele Laga Nutri A19 Bird Food,800 gm,1799,https://chaldal.com/bird-food
Versele Laga Rabbit Food Crock Complete (Carrot),50 gm,359,https://chaldal.com/bird-food
Singapore Math Book 1B,each,450,https://chaldal.com/toys-sports
Deer Football (Size 5),each,909,https://chaldal.com/toys-sports
Bear Hug Me Soft Toy,each,1375,https://chaldal.com/toys-sports
Hello Kitty Big Love soft Toy,each,1090,https://chaldal.com/toys-sports
Taddy Bear Galice Soft Toy,each,870,https://chaldal.com/toys-sports
Pooh Bear Size M,each,990,https://chaldal.com/toys-sports
Birthday Celebration Balloon,20 pcs,150,https://chaldal.com/toys-sports
Golden Wings Badminton Shuttlecock,12 pcs,500,https://chaldal.com/toys-sports
Mobil Delvac MX 15W-40,5 ltr,2900,https://chaldal.com/vehicle-essentials
Alex Car Wash,500 ml,345,https://chaldal.com/vehicle-essentials
Petronas Mach 5 Plus 20w-50 (API SJ),4 ltr,1480,https://chaldal.com/vehicle-essentials
Super V Multi Grade Engine Oil 20W-50,1 ltr,689,https://chaldal.com/vehicle-essentials
Godrej Aer Cool Surf Blue Click Gel AC Vent Car Freshener,each,399,https://chaldal.com/vehicle-essentials
Alex Car Shampoo & Wax,500 ml,495,https://chaldal.com/vehicle-essentials
Dettol Fresh Liquid Handwash Refill,170 ml,80,https://chaldal.com/handwash-handrub
Dettol Fresh Liquid Handwash Pump,200 ml,110,https://chaldal.com/handwash-handrub
Dettol Handwash Original Liquid Refill,170 ml,80,https://chaldal.com/handwash-handrub
Dettol Handwash Original Liquid Pump,200 ml,110,https://chaldal.com/handwash-handrub
Dettol Handwash Skincare Liquid Refill,170 ml,80,https://chaldal.com/handwash-handrub
ACI Savlon Ocean Blue Antiseptic Handwash Refill,170 ml,80,https://chaldal.com/handwash-handrub
Dettol Handwash Re-Energize Liquid Refill,750 ml,270,https://chaldal.com/handwash-handrub
Savlon Instant Hand Sanitizer,200 ml,200,https://chaldal.com/handwash-handrub
Savlon Hand Sanitizer,50 ml,80,https://chaldal.com/handwash-handrub
Dettol Handwash Re-Energize Liquid,5 ltr,1400,https://chaldal.com/handwash-handrub
Hexisol Hand Rub,50 ml,55,https://chaldal.com/handwash-handrub
Hexisol Hand Rub,250 ml,140,https://chaldal.com/handwash-handrub
Sepnil Instant Hand Sanitizer,40 ml,80,https://chaldal.com/handwash-handrub
Dettol Handwash Aloe Vera Liquid Pump,200 ml,110,https://chaldal.com/handwash-handrub
Dettol Handwash Aloe Vera Liquid Refill,170 ml,80,https://chaldal.com/handwash-handrub
Sepnil Instant Hand Sanitizer,200 ml,250,https://chaldal.com/handwash-handrub
Dettol Handwash Cool Liquid Refill,170 ml,80,https://chaldal.com/handwash-handrub
Dettol Handwash Cool Liquid Pump,200 ml,110,https://chaldal.com/handwash-handrub
Dettol Handwash Skincare Liquid Pump,200 ml,110,https://chaldal.com/handwash-handrub
Lifebuoy Handwash Total Pump,200 ml,120,https://chaldal.com/handwash-handrub
Mother's Smile Profom Milk Jar,400 gm,630,https://chaldal.com/food-supplements
Standard Horlicks Health And Nutrition Drink Jar,250 gm,280,https://chaldal.com/food-supplements
Mother's Horlicks Health and Nutrition Drink BIB,350 gm,620,https://chaldal.com/food-supplements
Horlicks Chocolate Flavour Jar,500 gm,550,https://chaldal.com/food-supplements
Junior Horlicks Health And Nutrition Drink Container Stage-2,500 gm,550,https://chaldal.com/food-supplements
Standard Horlicks Health And Nutrition Drink Jar,500 gm,500,https://chaldal.com/food-supplements
Maltova Health And Nutrition Drink BIB,400 gm,550,https://chaldal.com/food-supplements
Boost Chocolate Jar,400 gm,550,https://chaldal.com/food-supplements
Women's Plus Horlicks Health And Nutrition Drink Jar,400 gm,600,https://chaldal.com/food-supplements
Horlicks Lite Health And Nutrition Drink Jar,400 gm,650,https://chaldal.com/food-supplements
PediaSure Vanilla Delight,1 kg,3385,https://chaldal.com/food-supplements
Sepnil Face Mask (Black Colour),50 pcs,320,https://chaldal.com/face-masks-safety
Savlon Face Mask 1 Box,50 pcs,320,https://chaldal.com/face-masks-safety
Mop Cap,100 pcs,280,https://chaldal.com/face-masks-safety
Home Crafts Mr. & Mrs. Couple Mask Black & White (4 Ply),2 pcs,250,https://chaldal.com/face-masks-safety
Germnil Surgical Face Mask,50 pcs,500,https://chaldal.com/face-masks-safety
Sepnil Face Mask 1 Box,50 pcs,320,https://chaldal.com/face-masks-safety
Protective Safety Goggles,each,199,https://chaldal.com/face-masks-safety
KS5 Kamasutra LongLast Condom,3 pcs,65,https://chaldal.com/family-planning
T1 Hero 3S Condom,3 pcs,20,https://chaldal.com/family-planning
M2 Sensation Strawberry Dotted Condoms,3 pcs,40,https://chaldal.com/family-planning
M1 Sensation Classic Dotted Condoms,3 pcs,40,https://chaldal.com/family-planning
K1 U & ME Long Love Condoms,3 pcs,70,https://chaldal.com/family-planning
J2 Xtreme Ultra Thin Premium Condom,3 pcs,90,https://chaldal.com/family-planning
KS4 Kamasutra Mango Flavoured Dotted Condom,3 pcs,60,https://chaldal.com/family-planning
KS3 Kamasutra Strawberry Flavoured Dotted Condom,3 pcs,60,https://chaldal.com/family-planning
KS2 Kamasutra Chocolate Flavoured Dotted Condom,3 pcs,60,https://chaldal.com/family-planning
KS1 Kamasutra Dotted Condom,3 pcs,60,https://chaldal.com/family-planning
Sirona Oxo-Biodegradable Tampon & Condom Disposal Bag,50 pcs,350,https://chaldal.com/family-planning
MN3 Manforce Strawberry Condom,10 pcs,319,https://chaldal.com/family-planning
MN2 Manforce Chocolate Condom,10 pcs,189,https://chaldal.com/family-planning
DC1 Durex Extra Dotted Condom,10 pcs,629,https://chaldal.com/family-planning
L3 Coral Long Lasting Condom (Width 52 ± 2 mm),3 pcs,60,https://chaldal.com/family-planning
L7 Coral Extra Dotted Condom (Width 52 ± 2 mm),3 pcs,60,https://chaldal.com/family-planning
L1 Coral Ultra Thin Extra Time Condom,3 pcs,70,https://chaldal.com/family-planning
L5 Coral Long Lasting Condom (Width 52 ± 2 mm),3 pcs,60,https://chaldal.com/family-planning
J1 Xtreme 3 in 1 Premium Condom,3 pcs,90,https://chaldal.com/family-planning
K3 U & ME Anatomic Condoms,3 pcs,70,https://chaldal.com/family-planning
G2 Durex Strawberry Condom,3 pcs,99,https://chaldal.com/family-planning
H7 Moods Dotted Condom,3 pcs,99,https://chaldal.com/family-planning
I1 Panther Doted Condom,3 pcs,25,https://chaldal.com/family-planning
Safe-Accu Blood Glucose Monitor Device Kit,,1500,https://chaldal.com/medical-devices
Hot Water Bottle With Flees Cover (Assorted Color),2000 ml,299,https://chaldal.com/medical-devices
Digital Thermometer,each,189,https://chaldal.com/medical-devices
Safe-Accu Blood Glucose Test Strip In Foil Pack,25 pcs,520,https://chaldal.com/medical-devices
Safe-Accu Blood Glucose Test Strip In Foil Pack,50 pcs,1000,https://chaldal.com/medical-devices
Safe-Accu Blood Glucose Monitor Device Kit (Free Sir 750 ml),,1500,https://chaldal.com/medical-devices
Rohs Fingertip Pulse Oximeter,each,819,https://chaldal.com/medical-devices
Digital Thermometer with Beeper,each,849,https://chaldal.com/medical-devices
